"RBFOX1","RBFOX1.2","A2M","AAAS","ENUMERATION","LINEAR1","LINEAR2","LINEAR3","STEP_UP1","STEP_UP2","STEP_DOWN1","STEP_DOWN2","PARABOLA","EXP","SINEWAVE1","SINEWAVE2"
6.73130853331,11.0854877842,10.343821841,6.27247220898,1,4.729309,6.972539,10.971866,6.944935,7.072974,10.028712,11.240485,5.997669,6,7.983159,5.285551
6.4238226277,9.88507353558,11.231751635,7.59354388777,2,5.341495,7.049253,10.860229,6.934164,7.022243,10.068047,11.101105,6.007114,6.003065,8.241866,5.245514
6.03619287863,8.65316955008,12.140913279,7.74582632801,3,5.118547,6.992521,10.916467,6.956482,7.04714,10.12748,10.554987,6.026314,6.015584,8.134264,5.125054
6.91074334821,11.0531738656,10.288289534,6.8301250037,4,7.331449,7.091997,11.026339,7.028145,6.940713,9.879064,11.565489,6.035739,6.017349,8.179433,5.631416
6.65397356584,7.08531798977,11.9017569207,7.84217364195,5,5.090687,7.022522,10.970564,7.00591,7.055554,9.863626,11.299052,6.065788,5.983197,8.239221,5.170915
6.37654552146,9.42172956955,12.3946664599,6.84080058172,6,6.686659,7.003967,10.983866,6.912757,6.995448,10.074488,10.691875,6.087556,6.028116,7.923078,5.312005
6.71665151664,10.7806397279,10.5029932074,7.35480758229,7,4.936654,7.10222,10.962978,7.079108,7.009953,9.977662,11.953213,6.099373,5.988217,8.163705,5.477971
7.09930216999,10.7802118489,10.0235159363,6.73991659922,8,6.365119,7.049745,10.833478,7.00267,6.901099,9.99708,11.114835,6.115286,5.973319,8.183574,5.256152
6.25293374598,10.0342241428,11.3345918828,7.93604255199,9,7.962112,7.105086,10.94497,6.99325,6.977527,9.892425,10.854529,6.119572,6.023154,8.302006,5.251659
5.59046724564,7.73784599941,12.686393985,8.25434798047,10,5.871233,7.086415,10.877899,7.003474,6.982114,9.858026,10.789972,6.160101,6.02757,8.13913,5.295684
6.71582123755,10.9773685087,10.741531869,7.55609754751,11,5.08533,7.205207,10.856603,7.025091,7.016711,9.768097,10.866948,6.157611,6.06297,8.131189,5.423756
7.73931712989,10.0762300371,9.72979126883,6.81299727164,12,6.733221,7.070766,10.909969,6.994146,6.967165,9.989368,11.325794,6.17577,6.120957,8.329426,5.368737
6.27083761394,10.1945577438,11.162911791,6.84726113891,13,5.075739,7.143647,10.901567,7.061548,6.956041,10.24762,10.976019,6.206095,6.031121,8.360277,5.521322
7.56728211399,9.97849764422,11.0169761715,6.97583489893,14,5.261997,7.142587,10.835354,7.023561,6.925427,10.083822,10.29147,6.22165,6.042164,8.304131,5.587106
6.58392405102,11.2287966178,11.0087753797,6.43297868506,15,5.286271,7.175606,10.83346,7.031327,6.994754,9.811576,11.099765,6.214252,6.068784,8.708639,5.309341
6.56107672422,11.3568328129,9.93505074908,7.35849864028,16,5.039376,7.238144,10.745747,7.028351,7.045609,10.063796,11.369933,6.235681,6.119846,8.532814,5.364631
6.47595604554,11.0340649573,11.5846237778,6.80000241593,17,4.771912,7.197305,10.845296,6.953597,7.112602,10.023811,10.775673,6.263644,6.019625,8.552699,5.578331
5.77316314196,9.11058255894,11.5997184841,8.25190249842,18,5.839891,7.176533,10.80649,7.036173,6.993103,10.032595,10.816821,6.269064,6.09769,8.369241,5.657811
6.611662532,9.18134683394,11.8307384609,7.70845000095,19,5.718778,7.226896,10.820887,7.055028,6.977812,10.057532,10.819219,6.280445,5.967246,8.492083,5.633888
6.43001800056,8.4433679671,11.8908127807,7.97991027112,20,7.396582,7.215639,10.767937,7.004255,6.988788,10.056961,11.548338,6.300929,5.968121,8.547043,5.606458
8.11718868297,9.52325899051,9.25025511259,7.51213186393,21,5.304698,7.199694,10.716531,6.973422,7.039151,10.11168,11.211606,6.315329,5.946889,8.793104,5.977652
6.92094492467,11.0907892628,10.2416894191,6.89537721506,22,7.259943,7.244246,10.754288,6.989824,7.039479,9.887288,10.596808,6.338209,6.077749,8.858635,5.701923
7.82225860315,9.87112253731,8.71157553217,7.05977802357,23,5.758741,7.22312,10.864943,6.984479,6.933334,9.932212,11.595652,6.337849,5.859123,8.70336,5.761705
6.61482305132,10.9429526561,10.2771681444,6.57723014462,24,6.935671,7.33421,10.785519,7.02212,6.979736,10.032256,10.911767,6.372345,5.999113,8.728617,5.744196
6.51948162597,10.7341283272,10.3136207893,6.94754680226,25,3.798033,7.202604,10.712236,7.078457,7.108861,10.122012,11.91073,6.397352,5.942161,8.704498,5.784146
6.13571308015,9.11324928496,10.9132201845,7.23917233077,26,7.888619,7.27247,10.778268,7.012602,6.929023,9.870534,11.167843,6.386551,6.021931,8.69963,6.030855
6.51884331218,10.8125915679,9.93199174629,7.17605287428,27,7.058906,7.297494,10.703602,6.998492,6.898852,10.045138,10.80109,6.402509,5.976484,8.849778,5.987698
6.23335701394,11.1681716629,10.408929864,7.24347861477,28,6.518079,7.291369,10.605869,7.009053,7.101821,9.946421,10.628184,6.418434,6.141043,8.818491,5.805127
6.45508735775,11.0944884672,11.2486371077,6.30637061169,29,7.559051,7.318057,10.666529,6.977852,7.030261,9.928573,10.930958,6.435654,5.970234,8.67695,5.768984
5.66747970419,10.4318030556,9.39896349178,7.14574365057,30,7.525387,7.291002,10.68751,6.959229,6.993336,10.085939,11.002371,6.446022,6.114814,8.807422,6.026271
7.61901233205,10.4125125675,11.1890387376,8.23882954293,31,5.812842,7.381991,10.650067,6.988417,6.991985,10.082632,11.431802,6.476033,6.119118,8.899666,5.666276
5.77144938782,10.5381168717,10.9931533951,7.08164965758,32,6.51895,7.332725,10.647614,7.078823,6.855312,10.207712,11.489665,6.488241,6.093316,8.854229,5.913385
6.9400679785,11.2196389846,10.9042477501,7.3937645337,33,5.446154,7.349219,10.642549,7.105624,6.970655,9.900656,10.758055,6.513403,6.136043,8.959733,6.347397
7.72613126616,10.8596313369,9.53727020717,7.22970863472,34,6.908606,7.434994,10.652467,7.005794,7.06673,9.883551,10.73968,6.496148,6.176673,8.891277,6.116013
6.17484511882,10.8332351325,11.6284977547,7.3694185668,35,7.200667,7.320829,10.644399,6.973276,7.048046,10.147026,10.562511,6.513448,6.510499,8.991579,6.064291
6.29809233833,10.0621526637,11.0188324175,7.31772038511,36,6.925735,7.38328,10.727019,7.008941,7.001673,9.998984,11.112868,6.527582,5.712466,9.004063,6.041374
6.02449966961,9.99228962567,11.0600437399,7.11975788611,37,6.829055,7.379212,10.635241,7.002464,7.026033,9.925471,11.486119,6.546,6.438557,8.900972,6.132259
6.41708680887,10.34587731,11.5645840708,6.46005777446,38,6.635516,7.429549,10.594598,7.067273,6.987527,9.955487,10.686613,6.579244,6.149216,8.898201,6.246896
7.92789269377,10.2178183793,8.94069789105,7.43376879345,39,6.01976,7.437469,10.529391,6.922626,7.074958,9.950242,10.745879,6.573149,5.980951,8.920582,5.947856
6.7563958835,10.7943297087,11.4084422686,6.91012367867,40,6.83436,7.296928,10.640329,7.016909,7.074628,10.162166,11.248195,6.594758,5.949288,8.966566,6.229819
6.92717964636,10.4762196331,12.5044043335,6.81927615914,41,6.801064,7.432817,10.588216,6.9983,6.989841,10.029483,11.687001,6.634955,6.253479,8.947057,6.282293
7.23263033726,9.50112384425,10.1425328522,7.85708153425,42,7.477864,7.475424,10.534898,7.052144,7.067259,10.055755,11.65217,6.632058,6.236681,9.067624,6.048193
7.39302966828,10.2362884646,9.49253956158,7.60396172273,43,7.13975,7.435318,10.460837,6.975455,7.045874,9.937031,11.076843,6.647561,5.758336,9.078279,6.545665
7.0376434021,9.38210554293,10.2707805203,7.4905555949,44,6.897845,7.465501,10.433917,6.914789,6.926439,10.043707,11.366249,6.666874,5.795599,9.022327,6.600697
6.91236216585,10.5070138586,10.9146360684,6.15224087774,45,6.017618,7.50731,10.530282,6.967859,7.007808,10.045818,10.94626,6.670096,6.139043,9.126611,6.427918
5.56286688361,10.3293169186,11.7374971908,6.05817724558,46,7.729696,7.505783,10.424019,7.045884,6.99867,9.837595,10.552698,6.689641,6.006611,8.939587,6.582175
6.80233693611,11.3104820591,10.4159052023,6.61772588234,47,7.324801,7.50259,10.445785,6.940336,6.927572,10.099238,11.322608,6.705219,6.036579,9.251994,6.41131
6.47509861246,10.5032407878,11.408236249,6.83683036085,48,6.57937,7.480038,10.51522,6.992645,7.089664,10.010834,11.502039,6.718199,6.291719,9.089215,6.605653
6.81746281686,9.74905034142,11.2804408328,7.49542051336,49,9.236184,7.657319,10.501431,6.988754,7.022758,10.040469,11.193594,6.731601,6.152829,9.219438,6.344865
6.43640545527,10.8635163702,9.84717886859,7.27654055561,50,7.597265,7.594603,10.424685,6.90922,6.956642,9.913699,11.783368,6.736962,6.20221,9.108488,6.496292
6.33834149518,10.8901115427,11.680662373,7.11708553676,51,6.016928,7.629773,10.437535,6.993558,7.00567,9.952761,10.339509,6.746186,5.723603,8.993347,6.806039
6.39677203748,10.6954468643,11.1413524943,6.47368009836,52,5.556422,7.56586,10.35963,6.938414,6.961643,10.141798,11.347372,6.762029,6.256022,8.877994,6.700795
6.3065000475,10.3038044725,11.2744503997,6.51628928463,53,8.071486,7.612645,10.382619,7.00904,6.993978,10.038985,11.240155,6.79934,6.391122,9.118827,6.866966
7.80208407131,10.1950490952,9.43761436052,7.18684104662,54,5.190333,7.640254,10.433299,7.092403,6.983392,9.868098,11.126538,6.802835,6.560787,8.876916,6.7777
6.72063791461,10.3051292037,10.6553863453,6.45938285712,55,6.618157,7.633252,10.43809,6.952095,6.990813,9.933959,11.187575,6.806054,6.004279,8.955938,6.658133
7.01074117271,9.69107255764,10.2438793016,7.55209884095,56,7.159915,7.582176,10.260017,7.058129,7.06791,9.836873,11.403034,6.81252,6.37062,9.157411,6.797626
6.95965628101,10.8048440577,10.5902090937,6.89573257041,57,6.191558,7.570256,10.36623,7.027038,7.006363,10.111583,10.967236,6.832076,6.405889,9.171709,6.919117
5.88182485576,7.35270385347,11.7856302121,7.40429336337,58,7.14938,7.682639,10.311411,7.034325,6.949256,10.097882,11.328793,6.846648,6.248126,8.954558,7.088766
6.50094531536,11.0207813577,11.5183088281,6.76373229536,59,5.784077,7.64892,10.473806,7.013844,6.984181,10.021705,10.794639,6.866712,6.604415,9.040472,6.974793
7.06644916488,9.14864311754,10.1254980793,6.97028568828,60,8.134707,7.684004,10.283389,6.999761,6.925869,9.937084,10.917769,6.87519,6.387824,8.919361,7.201643
6.53463922725,10.5500930053,11.4325297553,6.22445753972,61,4.77857,7.667274,10.312355,6.991954,6.948674,10.142884,10.603792,6.872008,6.162128,9.085173,7.113288
6.2936573739,10.3956103645,10.7951587748,6.31976517325,62,5.584034,7.68849,10.282927,7.028534,6.898313,10.036752,11.146938,6.883664,5.733325,8.971707,6.91447
6.75510778073,10.9148988346,11.2545447646,7.25687890479,63,5.686645,7.72941,10.344589,6.995627,7.057147,10.133713,10.743298,6.896762,6.756849,8.874965,7.216652
6.67103694438,10.1920800062,10.4802147733,6.69026585102,64,4.590314,7.751066,10.204287,6.936071,7.078069,10.096743,11.190239,6.921017,6.307335,8.831709,7.270104
7.68877810286,10.3825933611,9.11786929443,7.2982269269,65,8.1586,7.650441,10.353729,6.939908,6.919601,9.924678,11.230024,6.93048,6.121726,8.853927,7.274029
5.22054161125,7.7584499926,12.9049935559,7.43108313944,66,7.229624,7.75273,10.25895,7.063124,6.888483,9.953757,11.241986,6.937268,6.190296,8.970231,7.34646
6.74495210898,10.1060416349,11.2238297739,7.34578965415,67,7.19061,7.716136,10.332316,6.949829,6.984056,10.033363,10.874415,6.953771,6.184683,8.872376,7.404533
6.42485581483,10.5689347691,11.4210685456,7.50243868608,68,7.087425,7.750565,10.19986,6.983838,6.973535,10.044519,10.48615,6.978042,6.303004,8.866299,7.111372
6.27908476959,10.1153985209,11.3113003047,6.45427665745,69,6.861693,7.681808,10.177866,7.034706,7.000455,9.927975,10.761809,6.985877,6.143798,8.638312,7.082929
6.45355152837,6.89619560481,12.1203581321,8.76060421654,70,5.938371,7.700663,10.2308,7.048501,7.044395,10.039529,10.555881,6.992522,6.410585,8.883186,7.077629
6.38622496759,10.4580654034,11.0774536829,6.35144430587,71,6.512976,7.675843,10.169605,7.080774,7.023997,10.019604,10.990371,7.023028,6.508496,8.837794,7.313482
5.8232611269,8.62621836701,11.3550237576,7.13772950934,72,7.698216,7.813091,10.193986,7.023233,7.023872,9.916156,11.320064,7.018249,6.170581,8.906803,7.26586
5.51639016661,7.71606629108,12.0489803179,7.68625424187,73,8.08939,7.765209,10.102537,6.966607,6.969701,9.845526,11.260708,7.01764,6.359835,8.907489,7.346357
6.44061683541,10.7368032635,11.7918897376,6.71928804794,74,6.116485,7.749295,10.197641,6.970615,6.94538,9.930114,11.545522,7.046818,6.237173,8.793003,7.640099
6.86748604028,11.1271300299,10.6447586732,6.61656976065,75,7.149143,7.823737,10.149452,6.961383,6.940856,10.015906,11.438578,7.054172,5.773604,8.914275,7.464539
5.47373780037,8.8177024456,11.6948351918,7.41902661523,76,7.564958,7.915152,10.175934,7.015894,6.984215,9.952647,10.275729,7.055314,6.721144,8.608354,7.523579
6.28061899155,10.5163859954,10.0766194647,7.02120201527,77,7.581565,7.828594,10.135723,7.093858,6.965577,9.994829,11.37058,7.081363,5.853493,8.727149,7.773627
7.6156867956,10.0886234244,8.78958650787,7.39374430533,78,5.978008,7.898696,10.101682,7.058769,7.077696,10.024779,11.090804,7.076193,6.146172,8.713391,7.428009
6.54842706481,10.6828410255,10.320261699,7.75308702368,79,7.338043,7.889889,10.11011,7.043875,7.015377,10.015988,11.435382,7.087184,6.298154,8.451307,7.295313
6.23167564313,9.34843880353,10.9819379867,6.88058073975,80,4.688351,7.8287,10.173415,7.106472,6.961556,9.972768,10.868679,7.110073,6.04916,8.718266,7.661912
7.4563765783,10.0667387581,10.1017413457,7.25095958342,81,7.130763,7.850702,10.14072,7.076663,6.952423,9.955302,10.988818,7.100603,6.45961,8.54951,8.090937
6.70038570062,8.87946805316,11.6388334982,7.30647517014,82,6.850502,7.895214,10.021787,7.037108,7.018486,9.946819,10.973261,7.131213,5.740546,8.463293,7.871729
6.79677755123,9.24618926923,11.473036114,7.17304808164,83,7.510432,7.916211,10.119441,6.963773,7.075438,10.235204,11.270222,7.15877,6.520707,8.329021,7.916624
6.42290769381,10.422541795,10.9640303608,6.6729340888,84,6.524478,7.851216,10.00109,6.976999,7.033211,9.8419,11.344996,7.141644,5.866763,8.431656,8.019393
6.61306801236,11.0336879828,11.2884663901,6.75859581665,85,9.063667,7.938233,10.060786,7.105018,7.052031,9.964257,11.437655,7.160886,6.731466,8.682247,8.13206
6.32021769432,9.21524105226,11.7525066625,7.87402149358,86,4.322927,7.909888,9.976828,7.022783,7.07473,9.979897,10.720404,7.17486,6.822845,8.517694,7.672147
5.92563516668,9.80426741458,11.2635103038,6.7594551962,87,7.570387,7.886863,10.041739,6.985905,7.076129,9.928561,11.207083,7.185666,6.540487,8.346129,7.969722
7.8759810025,10.2749184781,10.584553449,7.16476483508,88,7.231392,7.980871,10.049638,7.013499,7.01011,9.983782,11.129402,7.199974,6.795021,8.408117,7.972034
6.52582666571,11.0505147296,10.8762717971,7.33517799963,89,6.118457,7.94593,9.972858,6.980986,7.064003,9.954028,10.670476,7.212401,6.89242,8.338088,8.05103
7.65258948295,10.0866756054,9.97781786658,7.33537152118,90,7.195583,8.018911,10.102419,7.021643,7.011985,10.09136,10.525967,7.227899,6.549176,8.12669,7.771701
7.5272278053,9.21984200896,9.7590434961,7.00934448773,91,6.644532,8.036141,10.016778,6.951855,7.015506,10.179673,11.100951,7.226004,7.120456,8.26242,8.168202
6.88600821484,11.1233311557,11.1598694991,6.74294267057,92,6.611191,8.060739,10.060865,6.959905,7.094958,9.909656,11.362677,7.227897,5.609086,8.35805,7.968557
6.39013009123,10.3965108378,10.6260567754,6.89973535293,93,7.310634,8.059931,10.007693,7.021639,6.971321,10.023229,11.76303,7.252988,6.220486,8.451219,8.224179
5.75114674767,8.99757163451,11.0373478814,7.02206394443,94,6.742292,8.099172,9.998516,6.986204,6.939098,9.866782,10.235017,7.249627,6.136093,8.160221,8.261617
6.56806588673,11.0536703887,11.6146147764,7.0015248124,95,7.72921,8.008394,9.93464,7.082269,6.951225,9.889049,11.081135,7.279587,5.152182,8.292691,8.061832
7.75668623862,9.87926548145,10.1538974968,7.18242797059,96,7.104656,8.039081,9.83489,7.050938,7.016254,10.069255,10.733404,7.278176,7.251565,8.182641,8.21019
7.30379098927,10.3310920781,10.6602245109,7.63174362914,97,8.118922,8.158869,10.028115,6.975505,7.012489,9.834368,10.967305,7.29319,6.200603,8.156188,8.298176
6.70398298908,10.8419998165,9.79524661876,7.22639393584,98,5.946392,8.101253,9.901027,6.938814,7.005568,10.125962,11.39005,7.313681,6.494285,8.005864,8.324381
7.58803315996,10.1348114897,10.749976081,7.53921670672,99,7.536471,8.125559,9.85295,6.931583,7.028434,10.016701,10.813755,7.316117,5.774999,7.89775,8.248146
6.21225557777,8.12494408364,13.6042634368,7.59594810288,100,7.611247,8.074085,9.848022,7.020363,7.011601,9.871769,11.363008,7.321732,7.214386,7.986416,8.404029
6.70821749994,11.1875220865,10.3157982265,6.83863231301,101,8.444233,8.14058,9.914859,6.99548,7.01427,9.990456,10.055187,7.3231,6.689956,8.08353,8.53476
6.4868385015,10.6898962187,10.3701359917,6.39556277606,102,7.948538,8.134972,9.908095,6.988777,6.989611,10.150701,11.999081,7.356432,6.323152,7.948462,8.675043
6.73679155063,10.1823968599,11.8774784622,6.56348300809,103,7.460653,8.126444,9.893089,7.033045,6.971802,9.867368,10.64616,7.346458,6.795295,7.858547,8.325217
7.15016236367,11.1706971336,10.8076435114,6.81474368572,104,7.599571,8.170598,9.836294,7.033624,6.96718,10.076859,11.121838,7.370835,5.499924,7.951986,8.50447
6.17058577333,10.9800296286,11.2583880636,6.28053696241,105,6.991101,8.212902,9.921564,6.973809,7.011794,9.954368,10.991702,7.359881,7.187614,7.91955,8.232056
6.24245454195,10.9312885463,11.0134580246,6.67364991161,106,5.492992,8.229793,9.826801,6.956215,7.088605,10.031496,11.424449,7.375292,6.54283,7.753368,8.468989
6.4007676369,9.28709316176,12.9129721326,7.80955757948,107,9.613799,8.202952,9.878722,7.044863,6.970841,9.885,11.123405,7.406297,6.403978,7.846136,8.31633
7.16034488964,7.00229230135,12.3894361079,7.8629972164,108,6.304256,8.112663,9.831121,7.054771,7.031543,10.001948,12.274498,7.399185,6.675547,7.790233,8.717573
6.4005166685,10.36982578,10.8809547095,6.54901846424,109,8.002211,8.231583,9.829666,7.022164,6.978272,10.164991,11.063312,7.409658,6.082183,7.764437,8.28174
6.65596924954,10.8386604936,11.4854579359,7.29041577284,110,6.845496,8.134548,9.851613,6.98739,7.01914,10.075737,10.757995,7.412984,6.46723,7.723701,8.407911
6.51936648239,9.76155307869,11.5477127199,7.70597571439,111,7.619013,8.259156,9.833225,6.988859,6.879095,9.891598,10.530663,7.430732,6.663338,7.639803,8.581651
6.38690450588,10.4729502294,11.0384942534,6.73486257024,112,7.552707,8.215152,9.737548,7.089799,7.073044,9.982356,10.546096,7.454234,5.784576,7.752614,8.70296
6.16157329131,10.7496933524,10.551452453,6.63708910442,113,8.512022,8.254677,9.763475,6.951372,7.061274,10.037031,11.157297,7.439337,7.260394,7.858896,8.632817
6.28077490973,9.01551447808,10.3823849333,7.77298466828,114,7.19252,8.23953,9.757889,6.958672,7.005644,9.869799,11.439004,7.472658,7.287453,7.594497,8.692519
7.50409879434,10.4923123145,10.0266297817,7.66182384759,115,6.401366,8.270892,9.774524,6.966311,6.958362,9.88424,10.8771,7.464103,7.287516,7.606392,8.269804
6.63526797473,10.7546249658,10.4673304215,7.07206820199,116,7.70638,8.250756,9.726774,6.995223,6.989002,9.954586,10.80525,7.470782,6.805882,7.707218,8.821573
6.43327115209,10.2239188329,11.3199755913,6.79240485992,117,7.601904,8.272686,9.656122,7.046949,6.978108,9.947989,10.728629,7.502081,5.811688,7.389655,8.704267
7.63519592198,10.1177576176,10.1188671361,7.36736359968,118,6.337466,8.27136,9.774728,6.954497,6.998412,9.962676,11.065218,7.490252,6.413328,7.441284,8.760682
6.47424166164,8.21018018553,13.2636741284,8.41721993982,119,9.576454,8.288398,9.534873,7.051756,7.016227,9.949365,10.648954,7.511349,7.025561,7.256887,8.621389
6.8404480253,10.8869828434,10.5030377227,6.91601005302,120,6.925235,8.312279,9.657973,7.061473,7.085199,10.038656,10.476308,7.519346,5.362885,7.341002,8.850283
6.4015535897,9.72921389065,11.4496165114,7.61336959908,121,8.967739,8.255315,9.642713,6.936625,6.909219,10.024909,11.623678,7.502507,6.519094,7.312834,8.856922
5.36464806456,7.95550846591,12.9042206093,8.22593433195,122,5.786571,8.293059,9.673919,6.9304,7.051169,10.022868,10.295739,7.552037,5.903367,7.357164,8.602436
7.19164457427,11.0663724563,10.3181323446,6.01158330925,123,5.629964,8.286061,9.640993,6.992521,7.050747,10.16795,10.98751,7.545596,6.456301,7.375345,8.975128
6.6991970421,10.0628297699,10.9324990145,7.79434689627,124,5.295055,8.392023,9.541802,7.057967,7.05447,10.038853,10.590911,7.542995,6.180686,7.403344,8.875725
6.62724761773,8.00102942439,11.2428164481,7.82147257227,125,6.670797,8.35152,9.640705,7.061782,7.006145,9.92192,10.636476,7.550431,6.335508,7.340296,8.751558
6.18762403448,10.2014058037,11.9700164852,6.58540424191,126,6.831843,8.394796,9.636169,7.058504,6.959574,10.085128,10.499594,7.546237,7.706891,7.204253,8.764144
6.97574076589,9.73049602784,10.5873051018,7.64976722147,127,8.839342,8.432211,9.561202,7.056645,7.020647,10.044828,11.114264,7.576935,6.698823,7.407742,8.974888
7.48913816501,9.66163318793,10.9078116959,7.85241513808,128,5.819478,8.385733,9.543774,6.974256,7.009681,9.947441,10.835119,7.594643,6.793435,7.229293,8.785795
6.31199825687,11.1194744902,10.8279068037,7.0405595485,129,7.187531,8.51787,9.542033,7.069048,6.967813,10.015411,11.447316,7.59541,5.333527,7.245768,8.992037
6.20102640814,9.42592744075,10.694667306,6.79750802237,130,8.200485,8.527555,9.437346,7.080061,6.990344,9.775333,11.724772,7.605072,6.976964,7.34297,8.913565
6.27718950685,9.34662337479,11.2614580551,6.90022048039,131,7.745135,8.396871,9.471062,7.030065,7.034132,9.985824,10.425136,7.586376,6.743654,7.121058,9.049062
6.02852697579,10.3939357909,11.670436613,6.68462850751,132,7.065251,8.51141,9.595144,7.136093,6.975333,10.06898,11.486714,7.622479,6.091714,7.35428,9.131162
5.79760766684,8.21318650667,11.173541369,8.15101606287,133,7.421289,8.442374,9.551188,6.992255,7.062917,9.985766,10.274286,7.624665,5.900572,7.069923,9.054697
6.85327010193,10.6339029925,10.5404671544,6.43823011736,134,7.421192,8.414415,9.522109,6.92452,6.970675,9.967891,11.503555,7.621728,6.751834,7.101139,8.81163
5.9556513193,10.2001700268,11.8901387748,6.50477151035,135,6.858755,8.530739,9.488298,7.012913,6.980517,10.005985,10.358695,7.628078,5.521528,7.044656,8.82086
7.49275472762,10.5301046616,10.8428905937,7.4257890437,136,5.966878,8.486887,9.492224,6.992212,7.085713,9.85132,11.133977,7.642801,7.252369,7.078883,9.048751
6.4518641212,10.9501803959,10.2908015562,6.17886953452,137,8.190803,8.485623,9.490019,6.963777,6.915107,9.987573,11.759096,7.654039,7.341904,7.049224,8.931219
6.28643479948,11.0407959791,10.9819910554,7.57140132984,138,6.126285,8.557245,9.45955,6.990765,7.029305,9.952299,11.508148,7.670545,6.030958,7.192151,9.011765
7.95155634078,9.88219812376,10.5550315238,8.93332196878,139,7.310271,8.529254,9.512407,6.98497,7.009717,10.083081,11.69585,7.660741,6.360482,7.027273,9.011956
6.21591330673,10.5902393457,11.2513268638,6.18102498565,140,6.025323,8.614003,9.504564,7.015091,7.009676,10.005901,11.309077,7.684562,6.980935,7.050733,8.862714
7.73460150775,9.61234572053,9.70515372108,6.77938046097,141,7.643294,8.562702,9.463556,7.038601,6.941168,9.75317,10.999276,7.66719,6.773937,6.941229,9.147613
7.0439040888,9.73537379781,10.812810819,7.1409061452,142,5.752277,8.541916,9.355887,6.965281,6.86332,10.076507,10.741398,7.691698,6.84797,7.064876,9.112989
6.84567655573,11.1194465459,10.6058518462,6.43910107092,143,7.724382,8.542349,9.396772,6.962538,6.961767,9.98251,11.984768,7.702776,7.509631,6.9658,8.853964
6.71097956462,11.0621077417,10.557167006,6.61538735404,144,8.268962,8.567426,9.454338,7.013967,7.117826,9.622914,11.500512,7.719275,6.2461,7.037275,8.888031
7.58491297544,8.98405097529,10.0776755409,7.49765540977,145,7.671682,8.542349,9.444025,6.917031,7.089613,9.935105,11.377663,7.688484,6.727925,7.098677,8.992817
7.68566731554,10.6932179275,9.05783863522,7.50906225586,146,8.275731,8.620776,9.364508,7.08933,6.910044,10.101941,11.527189,7.718488,6.625418,7.092872,9.10489
6.64753797242,10.9168303026,10.1284661771,6.80415419494,147,8.545328,8.565294,9.383579,7.01571,7.043995,9.994557,11.058746,7.707265,7.076714,6.858159,9.092431
6.24894701546,11.5507006391,10.2910815416,7.25166050425,148,7.114561,8.580164,9.399575,6.958746,6.9919,9.950356,10.491143,7.747426,6.98631,7.069986,9.09547
6.44684484803,10.7813354896,11.013880686,6.6718465127,149,4.710824,8.669806,9.418444,7.115543,7.029408,10.048267,10.989052,7.731713,6.900639,6.785732,9.148818
7.498780685,9.43775261205,10.159943022,6.85547783693,150,7.27627,8.587238,9.451543,6.99474,7.061153,10.062438,11.533221,7.745688,6.950927,7.020097,8.993556
7.39715849404,9.6734703137,10.4625918794,7.55558456536,151,6.791845,8.675593,9.2902,7.073895,6.981979,10.095425,11.341457,7.756105,7.497244,7.010359,8.837985
5.93781498467,10.0005804258,10.9745937543,6.52316707538,152,6.403889,8.684796,9.361537,7.036647,6.941503,10.03583,10.481591,7.768911,5.547235,7.117945,8.973565
6.32345688677,9.75942661202,11.3075309943,7.97050055369,153,6.544145,8.649645,9.309048,7.007253,7.016894,10.014687,11.042776,7.774663,6.31451,7.113387,9.023454
7.47611153993,10.0826117302,8.81689153095,6.77328329507,154,7.693151,8.830572,9.353658,6.999251,7.059045,10.178455,12.179202,7.775232,6.616331,6.978602,9.49358
6.64751391569,11.0684433727,10.9117807458,6.8082750199,155,6.960174,8.700173,9.239632,7.017723,6.965565,9.998039,9.951341,7.770765,6.449786,6.980928,8.777516
6.7376590392,10.7805336129,11.045596574,6.67402023066,156,8.33506,8.727622,9.271748,7.008907,7.002261,9.914928,11.815472,7.772459,7.07873,7.056648,9.009613
6.58105307329,10.4363743428,11.080778321,6.76656502026,157,7.547787,8.637281,9.349051,6.998451,6.988263,10.062726,11.259707,7.793972,5.968184,7.070178,9.106392
5.88295600199,10.6451859902,10.485684531,6.66634605266,158,7.564392,8.62368,9.272083,6.951984,7.002972,9.951411,11.098493,7.806397,7.107091,7.017526,8.909191
6.22794316668,10.4148703273,10.9270702548,6.62080096533,159,6.174555,8.818398,9.222723,7.005881,6.940075,10.165597,11.20848,7.80711,6.259639,7.047189,8.863403
6.73355939532,11.1124221081,10.8953138021,6.87825183818,160,7.528194,8.759633,9.268924,6.975783,6.980792,9.829745,11.802893,7.794018,7.332097,7.109716,8.946551
7.01856139521,10.6315423437,10.6806153206,7.29204422558,161,8.605468,8.778719,9.209303,7.010809,6.944297,8.027002,11.465155,7.818983,6.506961,6.993294,8.921502
6.42481288274,10.3967834212,11.8511164181,6.84883826919,162,8.612017,8.823296,9.146694,7.052979,7.030967,7.99672,10.532081,7.813174,7.691637,7.167926,8.978623
6.94062994684,10.7318522322,10.9124404373,6.19618057284,163,7.991096,8.769237,9.183538,6.98027,6.965813,7.927636,11.034868,7.834975,5.144169,7.131585,9.045985
6.63114716068,10.5945841478,11.3810395205,6.60136714897,164,8.591098,8.831958,9.106418,6.93271,6.957491,8.08051,10.690718,7.830151,5.615656,7.092724,9.044427
7.33128209771,9.8174479127,10.3707634099,7.46833514092,165,6.727313,8.813035,9.235831,7.02972,6.972674,8.068355,9.975314,7.845422,6.093662,6.927039,9.005249
6.8950802918,9.96946287061,11.5203841827,7.53338286927,166,8.442251,8.84095,9.171044,6.949483,6.964599,8.162971,11.330478,7.841814,6.758626,7.094156,8.924521
6.46964483867,10.6397256594,10.6081836041,7.17353321206,167,7.952825,8.849707,9.209941,7.012771,7.008676,7.67429,10.438335,7.835993,5.829606,7.209807,9.053823
6.20542507487,11.3668777593,10.8252579332,7.42987154264,168,6.483618,8.870685,9.197983,7.035851,6.969151,7.597719,10.505692,7.836369,6.909362,7.144083,8.805157
6.5832738669,10.7824504631,9.98312981027,6.63279296107,169,6.436167,8.735119,9.155152,6.944182,7.059144,8.152716,10.831866,7.842988,8.044432,7.137568,8.848813
6.46077995613,9.93709752375,10.9673364639,7.25800310318,170,7.136586,8.911782,9.136686,6.97367,6.936804,8.066226,10.933685,7.879102,6.644916,7.101969,8.91702
8.26016265701,10.2730392568,9.76647210967,7.5723391591,171,7.38496,8.871341,9.057814,6.967399,7.00021,7.663809,10.960126,7.872092,6.16934,7.349238,8.729003
6.67669011358,9.68626104747,11.66839512,7.53194931161,172,7.243286,8.893829,9.118589,7.00356,7.057662,7.75841,11.601208,7.871815,7.857752,7.196464,8.813378
6.69101129691,10.6844025222,10.2958525427,7.16889922625,173,9.062503,8.917702,9.08952,6.997254,6.992772,7.911401,10.523255,7.888171,7.316128,7.201327,8.539895
7.73407099706,10.1198472326,9.96585381639,7.1723528844,174,7.838654,8.920477,9.019633,7.058224,7.061431,7.729702,11.528523,7.886369,6.868523,7.085507,8.854424
6.41420066992,6.63658285293,12.9214353435,8.29558367601,175,7.57009,8.931314,9.018594,6.929387,6.915557,7.63773,11.610759,7.885347,7.153071,7.427784,8.88638
6.67498822613,9.8724909998,11.0609800222,6.88873572198,176,7.848576,8.939711,9.064602,7.060789,7.065876,7.925533,10.889284,7.898726,5.955589,7.451442,8.846664
6.31214019792,10.4347472728,10.7706608505,7.35168933351,177,7.591726,8.953431,9.100483,6.922237,6.978269,8.17544,11.113713,7.8884,7.361153,7.327109,9.020151
6.67449235647,8.76809068717,10.9874628374,6.80916295379,178,5.991895,9.01694,9.092415,6.974973,7.008808,7.992246,10.611111,7.90407,7.498221,7.349547,8.742338
6.45607886966,9.9036612044,11.2284351619,7.31272883897,179,8.295653,8.97189,9.12829,7.026076,6.975701,7.897653,10.820968,7.903439,8.033977,7.242107,8.549561
6.35387250687,9.103306202,11.4577592394,7.56723258885,180,8.227937,8.996635,8.962591,6.957184,6.933524,8.189923,10.436862,7.939691,4.752829,7.459784,8.768315
6.6285111137,10.835585189,10.5463925175,7.08503950032,181,7.223057,9.081452,8.96183,7.024494,7.001114,8.302675,11.832828,7.923287,6.411017,7.367241,8.494539
7.6850431529,10.3424092377,10.984515018,7.70080585838,182,5.069624,9.054518,9.025518,6.973329,7.008254,7.699317,10.757595,7.922104,6.415848,7.512423,8.508997
6.84324534554,10.6820619542,10.9465691498,6.84217515205,183,8.275268,8.959837,9.021424,6.947526,6.944466,8.0553,10.49166,7.932834,7.390632,7.507734,8.384686
7.85168599323,9.8285426188,9.79649726145,7.43537717303,184,5.267822,8.958656,8.98458,6.939106,7.008072,7.990321,11.851383,7.938432,5.974909,7.426667,8.822686
6.49974516216,11.0496127913,9.49572504019,6.43339637671,185,6.859463,8.987735,8.989557,6.961464,7.008752,8.298874,11.107603,7.950581,6.458926,7.488517,8.563867
6.50889501602,10.7767901377,10.6891537023,7.19159260084,186,7.574769,9.072261,8.971863,7.026367,6.956777,8.092478,11.558189,7.936014,6.110293,7.529494,8.458462
8.00118486521,9.7529931747,10.8980013251,7.70619544467,187,7.10383,9.022182,8.949172,6.946839,6.872508,8.013192,10.603125,7.953753,5.276272,7.629429,8.57494
6.37003910727,10.8965278689,10.5159778252,7.27162179031,188,7.993938,9.074462,8.926526,6.969399,6.934733,8.111322,11.657009,7.95991,7.761232,7.441124,8.455434
7.37441942164,9.73481746693,9.71889090555,7.36163459565,189,7.08357,9.027734,8.913504,6.920246,6.989808,8.18119,11.045572,7.989605,7.245195,7.619287,8.382072
7.49190958181,9.4978542267,10.7387806862,7.67508295354,190,8.566951,9.164606,8.870838,7.025504,6.950323,8.08284,10.37221,7.954527,7.105699,7.729874,8.604995
7.56535504737,9.57280233911,10.1914413233,7.24682898675,191,8.021563,9.179236,8.861012,6.92121,6.994814,8.034699,11.284086,7.950825,6.178747,7.768462,8.682906
7.1649304557,8.61004332241,11.242997374,7.82066922629,192,7.359752,9.107034,8.946034,7.021546,6.917751,7.975432,10.980846,7.963521,6.579347,7.634361,8.445847
5.73898040224,8.63837239445,11.8998650701,7.45183800413,193,8.813671,9.10628,8.932769,7.043397,6.999039,8.037957,10.067209,7.97441,6.836817,7.807064,8.094875
7.31199839614,9.73689162906,12.3815206964,6.2525253141,194,6.668939,9.277661,8.828173,7.000433,6.935096,8.408698,11.269969,7.973877,8.028126,7.846085,8.462344
6.39052809703,9.96597274909,11.1568892939,7.86175404269,195,7.85369,9.132159,8.870099,6.955799,6.927287,8.126418,11.796992,7.967917,6.455761,7.907021,8.075746
6.12339018074,10.6207768348,10.8669923414,6.63452633462,196,7.358894,9.213884,8.834726,7.098897,7.048118,7.884774,10.370147,7.97188,4.551573,7.706644,8.482511
6.4658612916,9.08277352559,12.10782759,7.33138655581,197,6.596466,9.199785,8.902483,6.983129,7.017553,8.110173,10.715453,8.00146,7.018421,7.783364,8.360654
5.95493044033,9.09801891932,12.3457099055,7.39565540405,198,9.808481,9.169954,8.828399,7.015162,7.082626,8.13945,11.443046,7.983964,7.773148,7.830277,8.112217
6.14934974421,11.1614806781,10.3746483516,6.94780610746,199,6.826994,9.23496,8.747333,7.056749,7.001851,8.148267,11.285998,7.989468,7.136323,7.923695,7.927528
6.7553957738,10.6477438096,11.1333304526,6.60159233858,200,9.262145,9.241465,8.714048,6.946609,7.03185,8.085967,11.013088,7.998917,6.122388,7.892181,8.193608
6.37719412872,10.473491071,10.9131050169,7.14122734519,201,7.602315,9.203941,8.749526,7.031041,9.016594,8.25975,11.37709,8.00305,6.619167,7.946672,8.054336
7.3220899684,9.61031127039,9.19744920583,8.00339382243,202,8.529824,9.228948,8.80118,6.993648,8.958988,8.0347,10.352562,7.983292,7.328043,7.973527,8.053802
6.25724085516,10.4658390169,11.57915793,6.43547977316,203,7.060334,9.221289,8.695036,7.01015,8.999857,7.73887,11.489646,8.02113,7.27158,7.880317,8.166894
7.92610576013,9.87967657808,10.1941585102,7.07410055059,204,7.597475,9.28513,8.74704,6.983665,8.999861,7.99437,10.06114,8.001729,7.507101,8.157904,8.077179
6.63068549014,10.8238392543,10.7490283149,6.32355476159,205,8.035731,9.316696,8.786746,7.037249,8.949451,8.306536,10.978352,8.018955,6.440877,8.283875,8.073433
6.75416253371,11.5201580236,10.4197919767,7.15238616361,206,6.409419,9.198507,8.734213,6.910406,9.041919,7.939497,11.127629,7.998669,7.901228,8.250087,8.186144
6.12500161093,9.11835242394,11.340111729,6.95869505421,207,10.152914,9.345961,8.62145,7.001704,8.905733,8.170916,11.37332,8.015118,6.031873,8.117176,7.9139
6.68557155909,10.7364951093,10.3815029465,7.07938615602,208,8.345049,9.375331,8.799466,6.974844,9.021834,8.00805,10.668638,8.031529,7.357617,8.125899,7.835334
7.43088673102,9.74245335689,9.55720365702,7.12323953305,209,6.004628,9.296314,8.59569,7.005649,9.029188,7.990717,11.851273,8.040269,6.684894,8.367903,7.782156
6.18312939032,8.8977772099,11.7931896306,6.32971973589,210,7.684874,9.283211,8.606751,7.074481,9.027818,7.870352,10.943487,8.023087,6.258099,8.293109,8.054292
6.20580941585,6.41017991317,11.1129634704,8.08046081588,211,7.827705,9.325911,8.713592,7.113188,8.958694,7.788529,11.797574,8.034428,5.572924,8.257183,8.038588
7.05941686587,9.96644761069,10.4652014717,8.00388091677,212,7.929877,9.315638,8.594425,7.022918,8.99088,7.862483,10.97046,8.025849,6.440477,8.253031,7.898343
5.52915334597,8.69450513812,13.197165087,6.71905919522,213,8.655391,9.441143,8.685116,7.040662,8.951264,8.051971,10.947595,8.025681,4.300805,8.451094,7.618148
8.01148059026,9.86683740009,9.77876145605,7.45179179455,214,7.30813,9.287094,8.645778,6.998893,9.091892,7.685528,11.698271,8.047835,7.576776,8.304069,7.755986
7.08882356586,10.8995122578,10.0051131992,6.67173231129,215,6.121122,9.43501,8.726083,6.981306,8.887234,8.117701,11.373082,8.054876,8.339929,8.267731,7.763144
6.11632335365,10.3906355321,10.345267439,7.6555017927,216,7.524436,9.415306,8.498202,7.053652,9.021252,7.902989,10.627472,8.039063,7.296018,8.615639,7.715942
5.95197586092,8.800659834,11.657012626,7.27041630465,217,6.916353,9.46796,8.663869,6.940764,9.076335,7.763796,11.091985,8.054161,5.82044,8.426152,7.625859
6.31701515659,10.595758712,10.5182121035,6.44879610314,218,8.221063,9.391944,8.648877,7.028173,8.942307,8.164923,10.878949,8.052059,6.773081,8.601286,7.6692
6.9701752242,10.7280194616,11.0152386984,6.83147988897,219,7.705383,9.463587,8.56006,6.997689,9.053664,7.897835,10.781605,8.073104,8.580198,8.533475,7.569722
6.33468515242,10.0684944211,10.999099875,7.63376442829,220,8.006263,9.371455,8.66342,6.996454,8.963467,8.05353,10.835034,8.036506,6.349703,8.446233,7.673947
6.64609153206,10.9784192568,9.61980529449,6.57453536776,221,9.277034,9.408822,8.589185,6.948342,9.045921,8.402738,11.078682,8.069845,5.231996,8.649264,7.347847
6.05255409401,8.5292119296,10.7153580265,7.60121461601,222,9.238343,9.45328,8.458031,7.020092,8.96862,7.9345,10.154034,8.059874,9.445545,8.728796,7.392921
7.68662485139,10.0847442542,9.7556754222,7.33787459801,223,8.115056,9.346289,8.500191,6.939726,9.074853,8.13447,10.778047,8.046598,5.542132,8.564429,7.307078
7.05586111948,10.8480338098,11.1627458221,6.67807774478,224,10.210664,9.525157,8.49493,6.955814,9.029764,8.063008,11.370685,8.066369,7.140882,8.575977,7.465568
6.52962428927,10.7330637675,10.6585895309,6.41910248194,225,7.883574,9.508211,8.499448,7.028951,8.904551,7.963127,10.484264,8.072041,6.380855,8.679239,7.442852
5.87097091716,9.13612045456,11.7580016065,7.85747261446,226,9.682912,9.467969,8.471953,7.040502,9.031077,7.758068,11.871291,8.054739,6.91729,8.819945,7.267804
6.44828642065,10.6235765146,10.1599102399,6.6074125203,227,6.431007,9.487405,8.439101,6.983713,9.087915,7.747063,11.105684,8.06722,9.351959,8.731851,7.243579
6.29901935187,10.850139894,10.8082674603,7.46438054162,228,7.920509,9.415481,8.437556,6.977706,9.067034,8.141305,10.608205,8.061789,9.959658,8.720503,7.114858
6.37512524299,10.5373604403,10.1856767676,7.73403073822,229,8.447256,9.585129,8.462617,7.005552,9.079042,8.146584,11.802719,8.068859,8.901837,8.864125,7.350765
6.40620205928,10.6360308784,11.5544295134,6.83161845608,230,5.902619,9.550192,8.4673,6.975074,8.869058,8.088437,11.241872,8.057727,8.211248,8.630373,7.443203
6.14301104886,8.67661315491,12.9666480253,7.70807711578,231,7.751392,9.610834,8.422584,6.95382,8.982176,7.854997,10.704933,8.060826,6.307648,8.906369,7.023043
6.3366231169,11.1340181253,11.2831336376,6.50637209749,232,9.533085,9.571496,8.471845,6.954299,9.056502,8.143645,11.179424,8.077417,9.353262,8.861379,7.116862
6.17383389905,10.2967169269,10.8665294359,7.40862868024,233,7.0961,9.601922,8.402524,6.974952,9.040164,7.820334,10.371721,8.076862,6.650711,8.746782,7.127819
5.53346957871,8.51166482079,11.2501021167,7.06714878281,234,8.555612,9.630803,8.444575,6.916857,8.950171,7.663871,11.112818,8.071502,8.341963,8.817205,7.140132
6.90667548904,10.8431767678,11.3733898752,6.60651012867,235,7.019604,9.650575,8.468522,6.965086,9.058528,8.202077,10.24753,8.081014,5.032357,9.047712,6.886077
7.29461900282,9.66636512618,10.1434267995,7.76821693489,236,8.697703,9.638645,8.294384,6.974144,8.975988,8.20437,10.777817,8.066616,7.313358,8.8725,7.171369
6.59300726321,8.77868854927,10.5141139697,7.31024848673,237,5.952377,9.719569,8.408665,7.07473,9.049839,7.98992,10.879634,8.077801,7.012088,8.873315,6.860616
5.45621949564,8.53364974268,11.9500698914,7.34393933403,238,10.153556,9.702085,8.37419,6.980907,9.021285,8.236572,11.066077,8.085706,7.593644,8.765174,6.791783
6.6123324511,11.0377836138,11.1012151795,6.92390587804,239,8.359868,9.719896,8.366585,6.950645,8.995305,8.013716,10.858134,8.071611,8.65802,8.933654,6.802393
6.91533149567,11.1049032251,10.4949943259,7.00708565956,240,9.029843,9.782998,8.362436,7.003329,9.041437,7.85152,11.129235,8.078401,6.043563,9.021443,6.837217
6.1023719723,5.98233231604,13.4761942458,7.7648178315,241,9.378693,9.712593,8.236902,6.980318,9.033383,8.163476,11.494698,8.093045,5.731664,9.062718,6.825988
7.5786537904,9.94467050908,9.92402191518,7.35807245059,242,8.422439,9.698427,8.278699,6.993988,9.030759,8.171014,11.340934,8.07448,8.813064,9.025065,6.647938
7.12772087636,9.80406430278,10.7989856722,8.32154014871,243,8.308309,9.781305,8.309205,7.025507,8.962441,7.990646,11.436953,8.070655,8.624946,8.905695,6.650428
6.43270469722,10.4497944462,11.6580475436,6.69498138244,244,6.298048,9.670394,8.30704,6.984147,8.956938,7.614985,10.112341,8.085584,7.654203,8.999098,6.449296
6.30733939371,8.60473444522,11.9099158903,6.99237054028,245,8.022472,9.756302,8.242922,6.981338,9.00273,8.230216,11.317026,8.081374,6.321881,9.052953,6.547122
6.40454240106,10.9276102233,11.2034155646,6.86931937121,246,8.998029,9.646413,8.262605,7.096212,8.9992,8.000885,11.820651,8.076597,6.24197,9.01893,6.498194
6.338399097,10.5001778656,11.4117224488,6.3672771439,247,7.968158,9.747545,8.282193,6.95051,9.06376,7.848944,11.36708,8.084955,7.781782,8.88131,6.495893
6.194777742,10.0059364706,10.199701651,7.43544219997,248,7.964848,9.732935,8.337812,6.945823,8.964698,8.001866,10.294508,8.091257,8.610782,8.91682,6.386155
6.19068390751,10.1566081278,11.3384899678,7.09545199417,249,8.628783,9.7131,8.179865,7.018987,8.962943,8.337627,11.483676,8.072558,5.391011,9.026126,6.500784
6.83317899999,10.8270519486,10.5666579277,6.5216306261,250,8.420216,9.754292,8.308946,6.933317,9.002018,7.984032,11.229451,8.084453,8.008841,9.135126,6.52641
6.51221766418,10.6150339915,10.3620060635,7.63091477664,251,5.740568,9.769537,8.3203,6.944052,8.933127,7.738573,10.117234,8.085431,6.98226,9.01957,6.350208
5.40396001986,10.628127588,11.4277849574,7.64874443703,252,8.02003,9.833149,8.25531,7.008216,9.016181,8.188187,10.800863,8.085546,8.953262,9.031312,6.318523
5.60586119457,8.57821662945,11.1483539776,7.00472351323,253,7.237808,9.904926,8.193168,6.99808,8.992165,8.10569,11.148578,8.073417,7.400625,8.954414,6.477663
6.22051870504,10.6561318461,10.758218482,7.05118831834,254,9.27798,9.874256,8.207387,6.97678,9.006672,8.287389,11.600688,8.076275,6.952315,9.072439,6.162294
6.7540305943,11.465837272,10.2753501203,6.67909624658,255,8.311242,9.756089,8.190728,6.988126,9.004204,8.308621,11.227802,8.081145,6.861131,8.984897,6.200419
6.40329220821,10.9091770308,10.9832636233,7.31358906227,256,9.089798,9.934186,8.253193,6.96598,8.941301,8.262944,11.161968,8.093939,8.846053,9.191587,6.490777
7.00816645298,10.8788027391,10.2997547771,7.25117593865,257,7.987076,9.952619,8.078961,6.967159,8.969616,8.020326,11.069467,8.089003,7.580206,8.869304,5.895932
6.50950180871,10.2607109606,10.6616537553,6.47611581873,258,9.408346,9.843354,8.191673,7.023629,8.995283,8.121021,11.257553,8.091111,8.823477,8.902421,6.426979
6.41680106834,10.1069678761,11.4061630984,7.13936961796,259,8.596547,9.915302,8.139405,6.955586,9.055594,8.337039,11.102594,8.073381,8.521843,8.75021,6.374558
6.30820027856,9.6729750322,11.4183235705,7.75449604732,260,7.154742,9.868773,8.132006,6.904269,9.023726,7.910217,10.968067,8.077268,9.207477,9.056226,6.009857
6.5975813654,10.0232512732,11.3135820301,6.88752631553,261,8.826338,9.995566,8.010876,7.146777,9.037085,8.014303,10.910781,8.074962,8.065204,8.744058,6.153833
6.43030451706,7.90259629621,11.7891807866,8.13977312983,262,8.561373,9.89278,8.076972,6.966664,8.941991,8.181524,10.594424,8.094546,4.775962,9.04755,5.978068
6.32021161273,10.6302972236,11.1023192181,6.16328867016,263,7.883291,9.941421,8.025323,7.02046,8.978854,7.99681,10.610102,8.079101,8.026749,8.894759,6.034895
6.35938313878,10.5671720746,11.3778506077,7.22359068398,264,9.962888,9.895875,8.020645,6.964655,9.097953,7.91538,12.786401,8.075712,7.34607,8.945877,5.910472
7.82027889612,10.0623228291,10.106427855,7.63924208163,265,7.547119,9.987607,8.188589,7.083763,8.989081,8.248324,10.167963,8.080127,8.715794,8.895353,5.97188
6.03394188756,10.5726327546,11.4247474481,6.90536065734,266,8.970049,9.927204,8.047597,6.986455,9.031413,8.058751,11.160523,8.073823,6.635505,8.897273,6.012203
6.97152918851,10.9301451454,11.5869797907,6.41970272376,267,8.283892,10.037865,7.982711,6.925707,9.060937,8.025237,10.256512,8.068054,8.669107,8.80276,5.757354
6.03194403726,10.2614331886,11.4858473282,6.29354185042,268,8.939932,9.934574,8.03313,6.994568,9.046331,8.288324,10.533029,8.058548,7.939198,8.868898,5.69396
6.21274711812,10.7942009118,10.1885052667,7.36651994294,269,7.489322,9.95903,8.021739,7.008064,9.052548,8.170825,10.922149,8.073705,6.838921,8.842754,5.774636
6.55456436731,10.7102592824,10.3403392965,7.26372516778,270,8.674965,9.9881,7.971892,6.988691,9.048224,7.995237,10.395711,8.070014,7.995393,8.951046,5.744365
6.29047176284,10.8541425965,11.2103448401,7.60274425468,271,8.559015,9.988569,7.989917,7.019181,9.076234,8.330749,10.700642,8.055642,7.003904,8.824499,5.608142
7.71264248109,10.072125905,10.9838214271,7.87599890878,272,8.444209,10.090278,7.978784,7.026328,8.939967,7.937787,10.562864,8.092391,8.126436,8.912642,5.79275
6.92820927532,10.8011313895,10.2022781697,6.89169427493,273,9.663738,10.050892,8.028004,7.081133,8.932562,8.047985,10.929939,8.080289,6.283844,8.713505,5.800174
6.85001867566,10.31247615,11.3555765893,6.84363605603,274,8.662711,10.080156,7.96996,7.101348,9.046018,7.956927,10.991516,8.067285,7.914874,8.828578,5.777181
6.40500731376,10.3085021679,9.91945372014,7.27075274766,275,8.157672,10.051628,7.990784,7.002724,8.984076,8.100952,11.473475,8.06056,8.390433,8.667496,5.561953
6.48716930027,10.1889441622,10.7439395488,6.27694247402,276,8.404624,9.988699,7.884825,6.993424,9.061901,7.906799,10.85046,8.0484,6.681196,8.820602,5.376028
7.04996427017,10.4876807932,10.7205435491,6.10884543314,277,7.511824,10.057514,7.917351,7.065185,8.993519,7.738294,11.639865,8.05681,7.790581,8.725211,5.551595
7.47604693063,9.04792698371,10.5466764713,7.21755089746,278,9.334805,10.0762,7.923248,7.072031,8.9258,7.931273,11.351575,8.056021,9.05735,8.698686,5.45782
6.55794379453,10.5018514342,11.2135665866,6.3710133901,279,10.551272,10.128625,7.924894,6.95912,8.95143,8.055626,11.068091,8.057064,9.403567,8.699176,5.531061
5.8252288833,10.4847581922,11.4961245449,7.19434671498,280,8.399765,10.098428,7.866256,7.005123,8.960284,7.865239,11.181527,8.058799,7.717941,8.919053,5.289939
6.27311973451,9.83909424537,11.6092939777,7.41343660883,281,10.101599,10.122531,7.912101,7.005129,9.073276,8.278302,11.505849,8.061252,5.962391,8.596005,5.217523
6.13783710395,11.0540216572,11.2589747412,6.99114442989,282,9.437955,10.179557,7.849905,6.995173,8.964552,7.955908,12.053125,8.042134,7.657793,8.506178,5.574758
6.59393455731,9.36812773336,11.2538735272,7.28262256738,283,9.413021,10.108433,7.920734,7.062675,8.95169,8.262078,10.859166,8.036013,6.811965,8.524576,5.34205
6.46227798463,8.13713798243,12.5649427392,7.55399302697,284,6.695761,10.157334,7.906097,7.037539,8.961354,8.170959,10.871482,8.075763,7.117743,8.632048,5.494425
6.01029630269,8.64457032078,10.9764941365,7.19818288791,285,10.410653,10.132502,7.908138,7.034006,9.049626,7.890689,11.16795,8.056206,7.515864,8.482533,5.776954
6.34393490414,10.4135312125,11.454131458,6.44861894333,286,8.846916,10.183962,7.849089,6.972316,8.983893,8.020031,10.609249,8.018116,6.684742,8.280996,5.644783
6.01587239307,8.8906033319,11.7068496079,8.08091766779,287,7.90204,10.135902,7.817589,7.024969,8.985624,8.083152,11.130357,8.035565,8.298919,8.301613,5.42571
6.58589876797,10.3889502782,10.7719210002,7.15202305643,288,9.340682,10.17343,7.968223,7.06662,9.005039,8.195431,11.530751,8.043781,7.725152,8.553064,5.164078
7.37920457712,9.47623416608,10.5516699867,7.00240326609,289,8.34246,10.104585,7.78909,7.002308,9.033253,8.188978,10.937792,8.025358,7.380054,8.415923,5.285891
7.24579921819,9.01870725655,11.0200146938,7.27963975825,290,8.610752,10.17863,7.862289,6.977455,8.939313,8.24301,10.658113,8.036521,7.768285,8.167523,5.422331
6.63488493668,10.4924568066,10.0165412274,6.12899053048,291,8.419802,10.266051,7.802271,6.898389,9.055555,7.655288,10.12773,8.02708,9.557561,8.098712,5.287003
7.17739007332,7.58918837019,11.6937566066,8.35519123914,292,9.747134,10.239934,7.777452,6.954637,9.028947,7.779689,10.805005,8.037907,8.741173,8.122921,5.31497
5.91793027638,8.85567077922,11.334948969,7.39132150479,293,7.933729,10.32919,7.765395,7.060297,9.044335,8.038092,10.443803,8.028189,7.864414,8.285528,5.299946
6.98150467513,10.4137732583,9.73066652778,6.75375429438,294,8.652268,10.24135,7.689689,6.936595,9.08048,8.23205,11.493191,8.019881,7.051209,8.380186,5.227743
5.89359367889,8.67477117203,11.3976167049,7.22063769262,295,9.570047,10.254564,7.752666,6.981015,9.086386,8.067401,11.703018,8.010972,7.560636,8.081048,4.988522
7.67751339597,9.56065305938,10.5114344727,7.11089673546,296,10.075643,10.331816,7.687028,6.955087,8.960931,8.089704,11.124392,8.017863,7.15046,8.382427,5.082165
6.47646960962,9.54414660353,10.2124415717,7.35902685662,297,7.410166,10.327439,7.689604,6.968769,8.979959,8.021419,9.987471,8.018961,10.094948,8.051019,5.219776
6.5683956008,11.0431821684,9.9801458491,6.62612106509,298,8.091026,10.25927,7.731127,6.924882,8.994212,8.104598,11.221117,8.01174,7.090157,7.956976,5.226634
7.42449475265,9.90643700962,9.80973976573,7.73365018283,299,8.522158,10.288913,7.671482,7.00093,8.957304,7.760869,10.695801,7.998161,9.587755,8.107903,5.210439
6.36619489252,10.9619925566,10.2184697415,6.4526426883,300,8.25604,10.340631,7.646106,7.031496,8.993892,8.251808,10.965283,8.009158,8.724383,8.217153,4.911468
6.06432069652,7.94590235347,11.756785592,7.59006628986,301,9.02204,10.401636,7.551673,8.971267,9.040948,8.161225,11.647031,8.01283,8.058532,7.993056,5.396431
7.17542128363,5.26363487637,12.2089919413,8.52760194668,302,9.113691,10.323424,7.647106,8.281661,9.017678,8.078217,11.266063,8.000505,6.881548,7.997769,5.244345
5.99460398009,10.844381339,10.8162358732,6.61839188084,303,9.843053,10.356399,7.682613,9.250554,9.028466,7.689089,11.247769,7.99262,7.185142,7.881366,5.005257
6.47492483503,8.38778963987,11.6950946886,8.04091109059,304,8.34777,10.350985,7.613876,9.690133,8.966038,8.113278,10.832015,7.98295,6.488494,7.875992,5.112052
7.03034096638,9.57747463263,10.4551462046,7.43061446319,305,8.884781,10.438141,7.627695,8.776803,8.968558,8.327431,11.091461,7.993464,9.012481,7.869717,5.1938
5.99975107885,8.11126854137,11.187233247,8.16583796186,306,9.158812,10.386997,7.625009,8.700333,9.025846,8.181565,10.462739,7.990192,7.823091,7.863107,5.054565
5.89585298318,8.35316963205,13.8699431492,7.58853020116,307,7.887359,10.407157,7.571567,9.694633,9.016104,8.024813,10.571017,7.987487,9.318781,7.710986,5.098282
7.48888280432,10.0575016653,9.97898546692,7.10575112844,308,7.94448,10.434379,7.620376,8.373636,8.991895,8.099063,10.10224,7.980315,8.181135,7.770253,4.963341
5.75485520004,8.26973334372,12.1523280619,8.00244850123,309,8.419618,10.506552,7.554927,8.355004,8.949798,8.368823,11.04991,7.970126,8.984318,7.825944,4.857464
7.79138427556,9.60329263982,10.5596306449,7.52335201125,310,8.091107,10.406498,7.686429,9.115018,9.013711,7.852703,10.289284,7.952366,10.050578,7.577386,5.105143
6.48880238418,10.7060073789,11.1395949352,7.02767752738,311,9.19272,10.361528,7.547734,8.374745,8.989488,8.250978,11.264471,7.956005,10.043285,7.628236,5.142491
7.57280843489,9.69738839766,10.3464262841,7.09367660638,312,9.958185,10.5013,7.569597,9.317216,8.971507,7.668334,11.028448,7.955118,7.543589,7.702181,4.903145
5.93072947943,9.36941531858,11.7979429129,7.28518563765,313,10.090582,10.42666,7.458337,9.299461,8.970201,7.990744,10.466985,7.958973,7.844046,7.636002,5.288647
6.81704720368,9.98709947926,10.5688940733,7.25302356972,314,7.435047,10.482919,7.636861,8.245296,8.978639,7.949136,10.577111,7.938526,7.538071,7.597331,5.001313
7.80910764721,9.68416316286,8.98545365073,7.62644117586,315,8.587766,10.563116,7.465275,8.310295,8.861642,8.056529,10.698549,7.925749,9.131488,7.544634,4.681218
6.82372743414,9.54633387721,10.9893781801,7.45042450935,316,7.972646,10.607213,7.480333,8.391772,9.022315,7.846701,10.265437,7.92357,5.840084,7.566734,5.033133
7.55994949741,9.82991427943,9.72535543765,6.95383117245,317,9.275149,10.545486,7.468995,8.830844,8.920336,7.713887,11.581037,7.944383,4.878173,7.729149,5.072935
6.69081175808,9.72636218398,11.693151826,6.73072942505,318,7.92284,10.539083,7.489435,9.67723,8.995926,7.911118,11.214833,7.953388,8.819645,7.424965,5.176901
6.88248942464,10.7859968067,10.4102341688,7.05500349288,319,10.46204,10.511763,7.392763,10.019966,8.977283,8.284718,10.444695,7.929157,8.462969,7.496912,5.029813
6.56871257955,10.3123612709,10.8307738326,7.39615120716,320,8.081287,10.453531,7.421109,8.425251,8.986236,7.841997,11.808141,7.913615,5.140787,7.462114,5.080761
6.52267213468,7.24833879451,12.6354303197,8.60005444072,321,9.032775,10.555912,7.447864,8.538842,8.977623,7.775308,11.576131,7.921146,8.235609,7.320405,4.941598
6.14668973319,10.6108499159,10.9011021599,6.9555866856,322,8.478331,10.752028,7.337907,9.611001,8.950818,7.629498,10.348348,7.886962,5.341055,7.51228,5.225001
6.14929794066,10.6787859533,10.4798779372,6.78707861154,323,11.607762,10.61808,7.480205,9.1785,8.949379,7.943117,10.911465,7.88804,7.144412,7.422874,5.020177
6.3373273988,10.4459092112,11.8307684783,6.63931343476,324,9.083334,10.635779,7.41108,8.991148,8.961666,8.208634,10.803942,7.897757,10.555688,7.32759,5.063949
6.33982870132,10.6751678295,10.6734628072,7.81571116495,325,8.77939,10.530489,7.434473,9.489286,8.969154,7.970495,11.316864,7.915101,7.938217,7.174023,4.830103
6.20980709134,10.7527479719,10.662472615,6.6935451891,326,10.971092,10.633085,7.369019,9.437712,9.019932,7.749021,11.463568,7.905245,7.986962,7.372077,5.364762
6.94552279543,10.914439716,10.7892686877,6.48096367256,327,8.381622,10.629725,7.356916,9.592132,8.953917,8.140265,11.195171,7.900556,8.489876,7.282773,5.00848
6.40324057148,10.0175519531,11.5245141759,7.53591565905,328,8.545786,10.682577,7.390683,8.556867,8.958357,8.174753,11.990195,7.875856,6.982098,7.42657,5.214622
7.24526463175,9.41753740537,10.366382321,7.39498478979,329,10.68567,10.662899,7.377707,8.874816,8.919173,8.400591,10.936699,7.883146,8.643654,7.427013,5.114553
6.30966555844,10.7727353906,10.783663721,6.94462388782,330,8.155207,10.683084,7.322459,9.726302,9.0345,8.125976,10.866622,7.864136,10.779505,7.242869,4.996934
6.67826346134,9.50804469041,11.4953278427,7.08300260617,331,9.968253,10.675349,7.365832,9.328283,9.026656,8.071505,8.422574,7.864669,10.413691,7.170501,4.859864
7.95177272223,9.69995030848,10.2002676702,7.6971366433,332,9.366895,10.665201,7.331203,9.666344,8.994036,7.852816,7.563045,7.873322,8.423052,7.175402,5.157522
7.12634736487,9.39337498381,9.06397789483,7.92299745888,333,8.668681,10.71982,7.290365,8.831747,9.013899,7.610102,7.346419,7.864684,8.178799,7.063898,5.259602
6.46294050945,10.5673201663,10.6650553754,6.38527281831,334,10.269991,10.609286,7.256139,9.524119,9.062787,8.015949,7.461943,7.848232,8.551924,7.171979,4.863922
6.89163935378,8.85531302845,12.189237548,7.38424023503,335,7.865956,10.834828,7.239473,9.269401,9.026918,8.090661,7.650254,7.829727,10.173095,7.239237,5.236676
6.0187026698,10.3274384046,10.4051110118,7.17141157555,336,9.745361,10.520719,7.257384,8.652362,8.993888,7.894298,8.073584,7.864275,6.224492,7.138061,4.890199
7.5638464258,10.0250181875,9.72493714436,7.72388421465,337,8.988574,10.799594,7.207615,9.53625,8.989606,8.436843,7.24525,7.831616,7.898015,7.348967,4.966515
6.68863272233,11.2927551012,10.7512302277,7.36355123451,338,9.425669,10.753457,7.143205,8.541407,8.994074,8.068039,8.226001,7.82454,8.341108,6.937442,5.008059
5.96987043838,9.60545601995,11.8595891443,7.33284267446,339,10.164461,10.769428,7.233079,9.303258,9.051374,8.160304,8.264523,7.816664,11.266476,7.053659,4.968394
6.81635506524,10.0817109441,10.2635996248,7.39622133992,340,7.992004,10.753038,7.170957,9.20051,8.95724,8.066785,8.812686,7.812311,8.640351,7.010693,5.149365
6.07097747537,8.98236214313,11.854849776,7.23690999157,341,9.841416,10.831527,7.171902,8.737433,8.973784,8.235768,8.104517,7.811222,5.856971,7.063779,5.357723
6.13178255698,9.04837804249,11.6835146027,7.29048224604,342,9.782923,10.844754,7.103636,8.742139,9.046607,8.087448,6.575992,7.800827,7.572497,7.183878,5.088984
8.03701974459,9.49897015114,10.8331545382,7.63947509031,343,10.123543,10.771374,7.319924,8.213368,8.968787,8.623111,9.102857,7.805734,4.97949,6.857205,5.194209
7.08629210198,10.6407064908,11.0136753445,6.83813555097,344,8.660208,10.706803,7.163029,8.370597,8.940738,8.030789,8.509083,7.794221,7.462631,7.047108,5.220225
6.24891655408,9.57468577461,11.9531150368,7.49944059204,345,9.046287,10.816237,7.205457,9.316675,8.939597,8.232027,7.471032,7.783179,10.818575,7.053057,5.142356
6.37612086038,5.35493107613,12.1674045838,8.41659192087,346,9.561711,10.819586,7.208017,8.825247,8.926021,8.232376,7.851787,7.784057,8.253506,6.984402,5.220498
7.05365957642,11.0330250698,10.181880959,6.65413777212,347,11.222605,10.811346,7.159975,9.440357,9.02769,8.080241,8.414313,7.770563,10.371219,6.92802,5.18673
6.46911433084,10.9668873735,11.0917562179,6.40840581515,348,10.076294,10.876014,7.076143,8.71462,9.070771,8.150848,7.461596,7.755149,6.828394,6.916903,5.307622
6.62432679724,10.6357647105,11.7379270922,6.49335759187,349,10.350976,10.831628,7.135513,9.724269,9.012519,7.727021,8.512956,7.768789,9.225367,7.019649,4.986762
6.99980926893,10.9291753539,11.7275822045,7.0109911902,350,11.625376,10.872212,7.108974,8.701093,8.964925,8.321454,8.053962,7.760584,9.120935,7.094783,5.163095
6.3824646346,10.8999980383,10.6836286443,6.99028891466,351,9.690689,10.843572,7.122753,9.138319,8.963694,8.154304,7.674935,7.74886,6.374835,7.08075,5.157702
6.49314694509,9.57299316203,11.659982203,7.31426343056,352,8.441892,10.896842,7.125545,8.759019,9.028732,7.994401,8.226178,7.7515,11.467105,7.007052,5.480713
6.3772131676,10.7459851986,10.9316580191,6.85660938804,353,9.628286,10.895015,7.037134,8.753805,8.996204,7.988385,7.963203,7.743285,10.131702,6.866036,5.225183
6.21732722475,8.67201848188,11.3805684385,7.79294308577,354,10.26847,10.894152,7.066242,9.196851,8.941705,8.112171,9.255681,7.728112,6.872829,6.862289,5.185616
6.4172166818,9.08499714598,12.1079490158,7.615671288,355,10.885567,10.902555,6.993994,8.71844,9.063917,7.964186,7.592397,7.735044,8.525195,6.951575,5.667531
7.450420494,9.34945324601,10.0717629301,7.70218415351,356,10.433527,10.884733,7.021672,9.234265,8.981754,7.859311,8.498734,7.727739,7.416196,7.0056,5.568072
6.31814384029,10.9270486194,11.5412253346,6.8300949541,357,8.882678,10.944991,7.169389,8.971517,9.070118,8.00537,6.962529,7.703544,6.220439,7.199707,5.291537
5.97088573087,6.41295890195,12.2011293034,8.03988344928,358,8.707556,10.951058,6.961883,9.076734,9.012451,8.049443,8.371252,7.696714,9.465702,6.955964,5.50253
6.35830644468,9.12395154859,12.5613683949,7.13724293389,359,9.934234,11.049817,6.994141,9.604164,8.988802,8.177249,7.814627,7.696007,9.138758,7.085015,5.518385
7.590989725,9.69618903502,10.3221236072,7.86555258518,360,10.328983,10.975438,6.985938,8.251356,8.945401,7.69697,7.627343,7.69241,6.908581,6.949059,5.456491
6.16473113258,10.6086423285,11.6360867245,6.85227544879,361,8.935685,11.006684,6.951017,9.182657,9.029074,7.826594,7.946307,7.669318,5.935322,6.804297,5.661082
7.62946698683,9.46602306087,9.57575683191,6.97970103671,362,8.493286,11.069658,6.998582,8.378296,9.00243,8.100683,7.331789,7.699117,11.086206,7.184259,5.05306
6.21175759448,10.7340135186,11.0679820097,7.15548135326,363,10.349222,11.035778,6.882345,9.032143,9.005098,8.646938,6.689867,7.669626,9.632074,7.067705,5.797898
6.35103733597,10.8918447089,10.1486856128,6.60597380307,364,9.8184,11.084143,6.967037,9.478421,8.989603,7.818689,8.806371,7.658058,8.314961,7.112596,5.805834
6.41034686005,10.1618262405,11.6078528035,7.34909704759,365,9.230733,11.044646,7.002234,9.092031,9.005323,7.865908,8.925226,7.664856,7.684811,7.037766,5.351058
6.61495113395,11.0324686595,9.88588738897,7.02170980914,366,7.697972,11.070654,6.953757,9.275692,9.030177,7.904828,7.751616,7.645954,10.632142,6.954736,5.400466
6.56667899978,10.8950752364,11.2249819027,6.75064221299,367,9.405966,10.979982,6.956281,8.686774,8.994277,7.932981,8.899855,7.64246,6.350244,7.197075,5.622466
6.07739092429,9.21661921322,11.2455827319,7.65492563959,368,9.153878,11.123913,6.939603,8.857916,9.038635,8.027278,7.779623,7.63524,8.304028,7.222211,5.56488
6.51055425214,11.3230077091,10.2920202094,7.44693562373,369,8.426108,11.076644,6.929598,9.669353,8.970264,7.840517,8.195346,7.611291,7.724555,7.261181,5.602258
7.38150712825,10.8919224548,9.14111400366,7.88296728191,370,9.985143,11.077793,6.922378,9.19302,9.001691,7.757279,7.970275,7.6228,10.744444,7.116116,5.77952
5.68958436864,6.33117009119,11.9264677973,8.15303342223,371,10.366159,11.050583,7.006359,8.120116,9.054825,7.964996,8.220568,7.600576,8.838516,7.230589,5.800588
5.91279998534,10.3221353346,11.0460349676,7.10201702309,372,10.565806,11.16037,6.830321,9.957259,9.067862,7.901906,6.9258,7.612048,5.891836,7.175046,5.608234
6.23170186922,8.02939923388,11.1765902618,7.56210689065,373,8.87934,11.145647,6.880435,9.258639,9.016938,7.866274,9.427745,7.571131,9.201182,7.060563,5.92047
6.87209707103,9.08640776672,11.1139887785,7.67494829699,374,10.088303,11.17609,6.813371,9.700862,9.071849,7.750676,7.993229,7.569632,8.833935,7.341515,5.679243
6.63339211645,11.1169910204,11.5117320373,6.32304369987,375,11.446924,11.09046,6.897315,8.335524,9.043616,7.92762,7.212586,7.565041,9.302094,7.166781,5.913306
6.20068747876,10.3189067466,10.7004968917,6.61626590229,376,8.997928,11.081184,6.889846,9.122914,9.029855,7.605968,7.425205,7.560637,7.371742,7.139161,5.929482
6.87364598087,9.50740679539,9.02421874961,7.40264314712,377,10.797582,11.230963,6.800353,8.860652,9.018297,8.240725,8.213708,7.550975,5.42183,7.252052,5.837135
7.17123156908,10.4958342564,11.5459744913,8.66712472827,378,9.949432,11.224523,6.740966,8.749771,9.020654,7.903214,7.778504,7.561554,7.11466,7.494103,5.990461
6.26260961587,10.3781329466,11.2205196442,7.72111973755,379,9.610032,11.208132,6.82147,9.513458,9.065797,8.10888,8.490696,7.526639,10.840675,7.325873,6.240491
6.85953266872,10.754086591,11.7473208947,6.78764613783,380,10.218114,11.225752,6.801443,8.855527,9.007877,7.978621,7.058052,7.536916,11.312348,7.244113,5.946106
7.71994727706,9.946478032,10.3081266201,7.2576983341,381,11.177324,11.19516,6.770132,9.156807,9.059888,7.778545,8.137428,7.522239,8.855352,7.306162,6.114651
6.48911535801,10.5336685429,12.0318432502,6.64059090359,382,10.370887,11.189914,6.713104,8.839185,8.932619,8.11349,8.376648,7.498732,7.65993,7.590139,5.876675
6.49675461472,10.788712482,11.6326150695,6.36129017112,383,10.221295,11.170132,6.802017,9.446567,9.026126,7.856529,6.979487,7.503366,9.46656,7.349315,5.989467
7.02531195465,10.2398962456,10.6733638661,7.46329812577,384,9.653062,11.266541,6.800958,9.572455,9.054995,7.957948,8.463379,7.484869,8.01876,7.385443,6.047925
7.33606955763,10.0600364517,11.1580800082,6.8136096434,385,9.727356,11.279025,6.7018,9.845302,8.995867,7.930907,8.943544,7.466681,9.930835,7.561486,6.062908
7.06650833416,10.6866439871,10.3925025105,6.37035450607,386,11.276349,11.304021,6.700898,9.269483,9.026235,7.749675,8.172994,7.470656,8.222788,7.555286,5.973641
6.56966827902,11.1588974645,11.0839885098,6.92762220563,387,9.680932,11.280035,6.771002,9.151821,9.020693,8.02239,8.822777,7.461086,9.183054,7.46334,6.04837
7.4253992179,11.1529045904,9.71466840409,7.02927372485,388,10.167571,11.356492,6.697439,9.499537,8.978915,8.277322,7.683521,7.461752,7.996443,7.68708,6.365826
6.9629953465,10.9857942944,11.6076485264,6.73611229212,389,10.964774,11.22803,6.733715,9.35948,9.041579,7.96167,8.463289,7.463363,10.240366,7.48602,6.035793
6.50535763082,10.5403142777,11.8981271354,6.17880495228,390,11.560115,11.234016,6.667148,8.591906,9.090243,7.963857,7.095263,7.437111,5.480767,7.596749,6.206653
7.4720280247,10.5162433927,10.0811960485,7.20912037275,391,10.082035,11.365334,6.690914,9.652885,9.076235,7.86144,8.984667,7.432919,12.313344,7.814177,6.143609
6.44495920227,11.3196384785,9.7579924316,6.37266451349,392,8.045537,11.381701,6.594273,8.691244,9.029211,7.740432,8.68168,7.427516,6.798395,7.661989,6.495017
8.16618036849,10.1189970674,9.38766394876,7.75580959089,393,9.824649,11.399453,6.639613,8.701524,8.90915,8.01364,8.009776,7.406412,8.880317,7.494977,6.170834
6.24853693896,10.6890579891,10.4324234183,6.6321251321,394,9.642782,11.41223,6.664141,9.354204,9.04131,8.057807,8.059759,7.390203,8.324064,7.823201,6.308536
6.57370818799,10.4246230074,10.4803665889,7.02567991333,395,11.036287,11.380551,6.723994,8.361132,8.934974,7.904439,7.547416,7.397357,8.391044,7.704427,6.41088
7.8128909337,10.5223974303,10.5353232527,7.49883703389,396,8.992773,11.409692,6.665242,9.340804,9.069627,8.180441,7.235526,7.368756,12.222999,7.776395,6.780883
7.57383425261,9.76921559493,10.8462466401,7.36658991253,397,10.816883,11.489589,6.595272,10.235374,8.948624,8.174699,8.557242,7.368972,14.087321,7.594808,6.627518
7.82832249978,9.97520729832,9.91199994835,6.95285723034,398,9.810458,11.426083,6.564576,8.793723,8.977716,8.007092,9.449281,7.339563,9.287493,7.880904,6.677268
6.46257971619,10.9785238145,10.713419919,6.73625805538,399,10.814785,11.427035,6.602264,8.749548,9.026464,8.238413,8.240588,7.344043,5.37736,7.856077,6.363505
6.77916116845,10.9952790259,10.726142785,7.14663720891,400,10.864785,11.316769,6.593065,8.406455,8.943844,7.792607,7.237964,7.329812,9.793296,7.981623,6.647722
6.73301988607,10.3872462818,11.4970459147,6.86078921519,401,9.747042,11.560366,6.519366,9.01206,8.936605,7.704152,8.629128,7.341421,9.945381,8.0718,6.750782
6.49207269511,11.0717236874,10.7490663259,6.67015208654,402,8.613025,11.560481,6.57454,8.590803,8.928844,8.013109,7.483741,7.321712,11.370103,8.04265,6.576325
7.23794887701,9.7958626991,9.64066693432,7.99853052954,403,9.277722,11.40663,6.508802,8.913575,8.990019,7.899194,7.464534,7.296416,9.301848,7.912781,6.771007
6.64098118732,10.9908355592,10.9462368815,6.98766133293,404,8.601052,11.595661,6.579566,8.907967,8.993229,7.965391,7.738733,7.309937,8.998861,8.040156,6.588775
6.57121149627,10.9742552016,12.114910585,6.81862268951,405,10.65274,11.431873,6.527575,10.070073,8.987832,8.003012,7.488737,7.30532,6.641282,8.145885,6.85214
6.22079696549,8.04265208616,12.0245982038,7.75467433214,406,9.190178,11.595509,6.48931,8.625427,8.9456,8.29517,7.484191,7.274309,9.477581,8.036211,6.785621
6.06597135718,9.85077878335,11.0145827221,6.0350197231,407,11.07059,11.501074,6.371791,9.214863,9.060524,8.235669,8.461432,7.283585,8.925593,8.057604,6.834972
6.06904196127,8.37443519139,12.2758913759,8.00557938655,408,8.976369,11.469823,6.466491,9.568017,9.021206,8.261643,7.769354,7.258671,10.677862,8.325867,7.097929
6.42637448818,9.93888127745,11.4113201221,7.3889848069,409,9.739881,11.56118,6.43844,8.328045,9.014456,7.811887,7.86211,7.265379,9.189252,8.246122,7.013947
6.31125620621,8.4227436828,12.2800547807,8.406150738,410,9.913275,11.512793,6.458905,8.803369,9.017842,8.275857,7.665403,7.231655,8.367505,8.237022,6.832199
7.71985627129,9.96794285043,10.5160518116,7.67193150391,411,11.390142,11.490196,6.421119,9.528579,9.012998,8.208786,7.818893,7.235121,7.065149,8.476491,7.189357
7.98332095537,9.82663277291,9.88819213141,6.92228943189,412,9.696472,11.55002,6.450731,9.619691,9.018834,8.088413,7.980192,7.218859,9.600703,8.382347,7.281928
8.02185167547,10.4172213821,10.0245422929,7.89320220739,413,9.631368,11.485125,6.471644,9.071654,8.998559,8.409466,7.607195,7.215524,6.444966,8.323638,7.38748
5.77157623615,7.06148285603,12.1408072146,7.91544834428,414,10.979558,11.521201,6.35418,8.526282,8.979869,7.67052,7.868532,7.200817,10.839825,8.513259,7.120133
7.48292760232,9.62933469261,10.3944290287,7.27153243864,415,9.907673,11.578817,6.43261,8.695351,8.958072,7.840875,8.439244,7.17528,11.569797,8.388159,7.43721
6.33808310956,10.705780014,11.0876064073,6.88663247411,416,11.188378,11.576999,6.459899,9.287264,9.00327,7.997759,7.76927,7.166795,5.141535,8.514339,7.256713
6.22015897215,10.1366801563,10.7948858201,8.03109432073,417,11.106781,11.629219,6.443726,8.861103,8.97892,7.79236,8.651651,7.155311,11.335605,8.588114,7.218312
7.63981331003,10.5797054787,9.40102374964,7.45369698617,418,10.609918,11.567431,6.400134,9.047658,9.010775,8.164338,7.74758,7.157778,11.980523,8.445718,7.186575
5.69983396971,9.04009113989,12.0247195274,7.15513345824,419,9.949105,11.646464,6.247501,8.176193,8.999259,8.095057,9.402237,7.153851,9.868345,8.523025,7.341895
6.55905593462,9.23897617139,12.1094307215,7.68416347585,420,10.525409,11.604605,6.394388,9.07321,8.96045,7.678134,8.89805,7.138318,10.959837,8.563138,7.171852
